co,ward
"-33.87598734,18.57588201",Ward 1
"-33.88485,18.57787",Ward 1
"-33.88506,18.5783999",Ward 1
"-33.87985,18.57694",Ward 1
"-33.88127,18.5882",Ward 1
"-33.87256,18.58248",Ward 1
"-33.89278,18.56045",Ward 1
"-33.89662,18.5335",Ward 1
"-33.86975,18.56875",Ward 1
"-33.87845865,18.57696637",Ward 1
"-33.89274537,18.55995297",Ward 1
"-33.8746681,18.5782299",Ward 1
"-33.87189,18.57841",Ward 1
"-33.8929,18.557595",Ward 1
"-33.880044,18.5552008",Ward 1
"-33.891815,18.560135",Ward 1
"-33.87899,18.5507199",Ward 1
"-33.88657,18.55424",Ward 1
"-33.88402,18.58135",Ward 1
"-33.8735,18.56525",Ward 1
"-33.88409,18.5737",Ward 1
"-33.87985,18.57694",Ward 1
"-33.87419,18.56488",Ward 1
"-33.87985,18.57694",Ward 1
"-33.86685,18.57018",Ward 1
"-33.87618,18.58104",Ward 1
"-33.89196166,18.55584383",Ward 1
"-33.87952,18.559019",Ward 1
"-33.89198897,18.55976294",Ward 1
"-33.8922289,18.55982982",Ward 1
"-33.89662,18.5335",Ward 1
"-33.88711,18.55357",Ward 1
"-33.89685,18.54602",Ward 1
"-33.86975,18.56875",Ward 1
"-33.88775184,18.55185122",Ward 1
"-33.8844081,18.5925744",Ward 1
"-33.89212768,18.55560547",Ward 1
"-33.87985,18.57694",Ward 1
"-33.87480383,18.57744002",Ward 1
"-33.89687,18.5382399",Ward 1
"-33.89485,18.54528",Ward 1
"-33.86988,18.55946",Ward 1
"-33.8976,18.53609",Ward 1
"-33.89166904,18.56062009",Ward 1
"-33.87687,18.55519",Ward 1
"-33.87959,18.55922",Ward 1
"-33.8822,18.56212",Ward 1
"-33.8881202,18.5517769",Ward 1
"-33.88156,18.58106",Ward 1
"-33.88082,18.56018",Ward 1
"-33.88418,18.57652",Ward 1
"-33.88407,18.57431",Ward 1
"-33.88566957,18.56573523",Ward 1
"-33.89234461,18.563869",Ward 1
"-33.86705,18.57109",Ward 1
"-33.87907,18.56713",Ward 1
"-33.879904,18.57827202",Ward 1
"-33.87352059,18.56614535",Ward 1
"-33.86657,18.5917",Ward 1
"-33.88267,18.56648",Ward 1
"-33.89375172,18.55826855",Ward 1
"-33.8757,18.57552",Ward 1
"-33.89196778,18.56269383",Ward 1
"-33.87959,18.55922",Ward 1
"-33.8957214,18.5372295",Ward 1
"-33.89559,18.53749",Ward 1
"-33.8792114,18.5723705",Ward 1
"-33.86933,18.57382",Ward 1
"-33.8757,18.57552",Ward 1
"-33.8739469,18.5810924",Ward 1
"-33.87167,18.57438",Ward 1
"-33.89317,18.55418",Ward 1
"-33.8774751,18.5712209",Ward 1
"-33.88093,18.56139",Ward 1
"-33.88337,18.57413",Ward 1
"-33.87985,18.57694",Ward 1
"-33.86181,18.56117",Ward 1
"-33.88069,18.55779",Ward 1
"-33.87108,18.5802799",Ward 1
"-33.8856219,18.5688143",Ward 1
"-33.87533271,18.58371735",Ward 1
"-33.87729,18.5538",Ward 1
"-33.88443121,18.55721281",Ward 1
"-33.8886604,18.5579205",Ward 1
"-33.88570057,18.56414795",Ward 1
"-33.88244071,18.58457565",Ward 1
"-33.88127,18.5882",Ward 1
"-33.88781,18.60085",Ward 1
"-33.88779,18.56",Ward 1
"-33.87967498,18.55524732",Ward 1
"-33.8772499,18.57384",Ward 1
"-33.8888206,18.6028194",Ward 1
"-33.8976,18.53609",Ward 1
"-33.873093,18.56093",Ward 1
"-33.87225,18.55881",Ward 1
"-33.88425,18.57552",Ward 1
"-33.8712387,18.5647507",Ward 1
"-33.8853099,18.5793",Ward 1
"-33.87995838,18.56805245",Ward 1
"-33.88260104,18.58099222",Ward 1
"-33.87985,18.57694",Ward 1
"-33.89278,18.56045",Ward 1
"-33.88127,18.5882",Ward 1
"-33.87985,18.57694",Ward 1
"-33.88836359,18.55295777",Ward 1
"-33.87413908,18.57873917",Ward 1
"-33.86992,18.56824",Ward 1
"-33.89204,18.55151",Ward 1
"-33.88127,18.5882",Ward 1
"-33.87610767,18.58371735",Ward 1
"-33.89215,18.55633",Ward 1
"-33.87857,18.56052",Ward 1
"-33.89317,18.55418",Ward 1
"-33.88755,18.55347",Ward 1
"-33.8715879,18.5832838",Ward 1
"-33.8976,18.53609",Ward 1
"-33.88757,18.55219",Ward 1
"-33.86887483,18.5626874",Ward 1
"-33.88418,18.57653",Ward 1
"-33.87701364,18.57933131",Ward 1
"-33.8819954,18.5774763",Ward 1
"-33.88108,18.58569",Ward 1
"-33.88328,18.589",Ward 1
"-33.87257,18.58118",Ward 1
"-33.87105649,18.58384161",Ward 1
"-33.87886,18.57306",Ward 1
"-33.8696137,18.5712931",Ward 1
"-33.87087877,18.57848167",Ward 1
"-33.8836299,18.58495",Ward 1
"-33.88383,18.58937",Ward 1
"-33.87698,18.57288",Ward 1
"-33.8868,18.56195",Ward 1
"-33.89204,18.55151",Ward 1
"-33.88706,18.56044",Ward 1
"-33.88384,18.58984",Ward 1
"-33.87256,18.58248",Ward 1
"-33.87340319,18.58069786",Ward 1
"-33.86657,18.5917",Ward 1
"-33.88015339,18.57694531",Ward 1
"-33.887581,18.600491",Ward 1
"-33.88305,18.55045",Ward 1
"-33.88069,18.55779",Ward 1
"-33.86421,18.56731",Ward 1
"-33.87985,18.57694",Ward 1
"-33.8683395,18.5682793",Ward 1
"-33.86992,18.56824",Ward 1
"-33.89776,18.53737",Ward 1
"-33.88869896,18.55372547",Ward 1
"-33.88294,18.55449",Ward 1
"-33.86992,18.56824",Ward 1
"-33.89305,18.6231699",Ward 2
"-33.88716,18.57651",Ward 2
"-33.9049,18.58887",Ward 2
"-33.90080476,18.62719059",Ward 2
"-33.88852,18.63131",Ward 2
"-33.9008896,18.6214354",Ward 2
"-33.89550117,18.62014028",Ward 2
"-33.89713,18.62012",Ward 2
"-33.9045708,18.58793132",Ward 2
"-33.89096288,18.59320655",Ward 2
"-33.88910372,18.63152732",Ward 2
"-33.88878977,18.63072074",Ward 2
"-33.8932047,18.6159217",Ward 2
"-33.8962784,18.6257591",Ward 2
"-33.90112,18.62291",Ward 2
"-33.8905699,18.59308",Ward 2
"-33.90130373,18.63112236",Ward 2
"-33.900924,18.6275289",Ward 2
"-33.89321956,18.6146833",Ward 2
"-33.89312775,18.62146449",Ward 2
"-33.90202,18.61113",Ward 2
"-33.89231073,18.57860899",Ward 2
"-33.89177753,18.57842081",Ward 2
"-33.88982,18.58276",Ward 2
"-33.89957,18.57937",Ward 2
"-33.8968697,18.5886898",Ward 2
"-33.90059,18.61726",Ward 2
"-33.89045,18.62227",Ward 2
"-33.89023,18.6109",Ward 2
"-33.90146,18.58664",Ward 2
"-33.89957,18.57937",Ward 2
"-33.9006004,18.62747",Ward 2
"-33.9049,18.5883",Ward 2
"-33.8912,18.5933",Ward 2
"-33.88946,18.58463",Ward 2
"-33.8894615,18.5846291",Ward 2
"-33.9014282,18.6215992",Ward 2
"-33.8927104,18.6301523",Ward 2
"-33.89981,18.62186",Ward 2
"-33.89722,18.62942",Ward 2
"-33.90451309,18.5877449",Ward 2
"-33.90013,18.57933",Ward 2
"-33.89676,18.59175",Ward 2
"-33.89193,18.59191",Ward 2
"-33.89472,18.60385",Ward 2
"-33.89371,18.6085299",Ward 2
"-33.89693,18.6218499",Ward 2
"-33.89801,18.61346",Ward 2
"-33.89563,18.62226",Ward 2
"-33.90043,18.6134999",Ward 2
"-33.89644,18.58321",Ward 2
"-33.8956145,18.5905021",Ward 2
"-33.89225,18.59168",Ward 2
"-33.89814662,18.57628016",Ward 2
"-33.90143,18.6216",Ward 2
"-33.8994362,18.6281177",Ward 2
"-33.89321738,18.61478806",Ward 2
"-33.89823,18.6327",Ward 2
"-33.899498,18.6277447",Ward 2
"-33.8932641,18.614747",Ward 2
"-33.89346259,18.6212211",Ward 2
"-33.9004,18.61412",Ward 2
"-33.89075935,18.6283493",Ward 2
"-33.8930048,18.6147207",Ward 2
"-33.8923975,18.6249722",Ward 2
"-33.88920078,18.63137484",Ward 2
"-33.88944,18.6329323",Ward 2
"-33.8933899,18.62153",Ward 2
"-33.90143,18.6216",Ward 2
"-33.8883754,18.6339968",Ward 2
"-33.89957,18.57937",Ward 2
"-33.89000167,18.63136025",Ward 2
"-33.89957,18.57937",Ward 2
"-33.89691,18.6360199",Ward 2
"-33.89719,18.63084",Ward 2
"-33.90031,18.60961",Ward 2
"-33.8970399,18.63337",Ward 2
"-33.89282,18.59215",Ward 2
"-33.9004199,18.58934",Ward 2
"-33.8951416,18.61866",Ward 2
"-33.89731,18.63486",Ward 2
"-33.89189931,18.63064528",Ward 2
"-33.8986893,18.6237793",Ward 2
"-33.90155,18.61921",Ward 2
"-33.90143,18.6216",Ward 2
"-33.8952699,18.62154",Ward 2
"-33.8934,18.61418",Ward 2
"-33.900595,18.624643",Ward 2
"-33.8913574,18.6194782",Ward 2
"-33.89359142,18.62133265",Ward 2
"-33.88946,18.58463",Ward 2
"-33.90075,18.63128",Ward 2
"-33.90053761,18.63161087",Ward 2
"-33.8953,18.62546",Ward 2
"-33.89371,18.6085299",Ward 2
"-33.89879,18.61534",Ward 2
"-33.9055,18.58834",Ward 2
"-33.90138,18.61874",Ward 2
"-33.89957,18.57937",Ward 2
"-33.89591,18.63177",Ward 2
"-33.90143,18.6216",Ward 2
"-33.89012868,18.632909",Ward 2
"-33.8961105,18.6044598",Ward 2
"-33.88953,18.59449",Ward 2
"-33.89349,18.601",Ward 2
"-33.89894,18.57983",Ward 2
"-33.8934898,18.6009998",Ward 2
"-33.88999,18.57727",Ward 2
"-33.90143,18.6216",Ward 2
"-33.90149935,18.61019611",Ward 2
"-33.8928153,18.6177111",Ward 2
"-33.8945297,18.616358",Ward 2
"-33.90031,18.60961",Ward 2
"-33.9013,18.61788",Ward 2
"-33.89599,18.60251",Ward 2
"-33.8929199,18.62994",Ward 2
"-33.8986,18.62357",Ward 2
"-33.9010916,18.62532992",Ward 2
"-33.90143,18.6216",Ward 2
"-33.899106,18.615349",Ward 2
"-33.88603,18.59039",Ward 2
"-33.89758,18.57949",Ward 2
"-33.88949,18.58401",Ward 2
"-33.9025138,18.586916",Ward 2
"-33.8924499,18.59281",Ward 2
"-33.9003417,18.61292124",Ward 2
"-33.89933,18.60935",Ward 2
"-33.89126,18.61557",Ward 2
"-33.89155,18.61551",Ward 2
"-33.89155,18.61551",Ward 2
"-33.89365,18.59888",Ward 2
"-33.89692,18.58033",Ward 2
"-33.90143,18.6216",Ward 2
"-33.9005699,18.6216908",Ward 2
"-33.89454,18.61112",Ward 2
"-33.898941,18.6173592",Ward 2
"-33.8929948,18.6147285",Ward 2
"-33.9001503,18.6144009",Ward 2
"-33.88959,18.59444",Ward 2
"-33.90202,18.61113",Ward 2
"-33.89038,18.61115",Ward 2
"-33.89184257,18.59180317",Ward 2
"-33.8994,18.58147",Ward 2
"-33.88679,18.59489",Ward 2
"-33.88872261,18.63435997",Ward 2
"-33.88871,18.63419",Ward 2
"-33.90025,18.58895",Ward 2
"-33.9002,18.62441",Ward 2
"-33.9012899,18.63091215",Ward 2
"-33.89204,18.6185699",Ward 2
"-33.9001499,18.6276699",Ward 2
"-33.89198,18.58657",Ward 2
"-33.90143,18.6216",Ward 2
"-33.90143,18.6216",Ward 2
"-33.8826714,18.6356201",Ward 3
"-33.90379,18.64994",Ward 3
"-33.90081,18.64532",Ward 3
"-33.88489,18.65841",Ward 3
"-33.89443,18.6301099",Ward 3
"-33.90517,18.65381",Ward 3
"-33.88737,18.66332",Ward 3
"-33.88277917,18.63521576",Ward 3
"-33.90394,18.67033",Ward 3
"-33.88211,18.63529",Ward 3
"-33.8821299,18.63529",Ward 3
"-33.9098,18.64694",Ward 3
"-33.90293,18.66799",Ward 3
"-33.88323,18.65765",Ward 3
"-33.8821299,18.63529",Ward 3
"-33.8844,18.63566",Ward 3
"-33.90517,18.65381",Ward 3
"-33.88088,18.64005",Ward 3
"-33.88401203,18.63567061",Ward 3
"-33.88215438,18.66191574",Ward 3
"-33.87862,18.64961",Ward 3
"-33.8788681,18.6448193",Ward 3
"-33.87269,18.64125",Ward 3
"-33.8949799,18.63188",Ward 3
"-33.90063,18.66798",Ward 3
"-33.90163096,18.65088838",Ward 3
"-33.87833766,18.64247328",Ward 3
"-33.91021,18.65625",Ward 3
"-33.8781899,18.6643599",Ward 3
"-33.87855,18.65331",Ward 3
"-33.89991,18.65247",Ward 3
"-33.8866299,18.64906",Ward 3
"-33.88452,18.64445",Ward 3
"-33.90059,18.66944",Ward 3
"-33.8770499,18.63622",Ward 3
"-33.8770499,18.63622",Ward 3
"-33.88727,18.64162",Ward 3
"-33.88137316,18.63538961",Ward 3
"-33.88153,18.63521",Ward 3
"-33.88148135,18.63551238",Ward 3
"-33.88087,18.64461",Ward 3
"-33.90375,18.64883",Ward 3
"-33.8806299,18.64518",Ward 3
"-33.9117683,18.666961",Ward 3
"-33.88433,18.63568",Ward 3
"-33.87888,18.64483",Ward 3
"-33.87975079,18.64658833",Ward 3
"-33.88859,18.63526",Ward 3
"-33.88311,18.63745",Ward 3
"-33.89283,18.65414",Ward 3
"-33.88529,18.6432499",Ward 3
"-33.8844,18.63566",Ward 3
"-33.88571,18.67033",Ward 3
"-33.88433,18.63568",Ward 3
"-33.88821,18.65326",Ward 3
"-33.87663,18.6637",Ward 3
"-33.89331,18.6344",Ward 3
"-33.88984,18.63824",Ward 3
"-33.8755,18.63776",Ward 3
"-33.8786087,18.6443405",Ward 3
"-33.8770499,18.63622",Ward 3
"-33.88439,18.64427",Ward 3
"-33.88426,18.67077",Ward 3
"-33.8875,18.6633299",Ward 3
"-33.888395,18.63554",Ward 3
"-33.88806,18.65302",Ward 3
"-33.87259134,18.64158882",Ward 3
"-33.88593,18.65977",Ward 3
"-33.88913,18.66725",Ward 3
"-33.87955,18.65542",Ward 3
"-33.87426,18.64069",Ward 3
"-33.8931111,18.64472552",Ward 3
"-33.8829193,18.6595192",Ward 3
"-33.90522,18.65382",Ward 3
"-33.91113,18.66006",Ward 3
"-33.87802,18.65837",Ward 3
"-33.89412,18.64374",Ward 3
"-33.89226,18.64624",Ward 3
"-33.8931503,18.6547394",Ward 3
"-33.9042719,18.65272547",Ward 3
"-33.89006,18.63759",Ward 3
"-33.90188,18.65391",Ward 3
"-33.89006,18.63759",Ward 3
"-33.91241607,18.66675854",Ward 3
"-33.89306,18.65503",Ward 3
"-33.9087,18.64926",Ward 3
"-33.88501,18.64693",Ward 3
"-33.8909988,18.6330299",Ward 3
"-33.88587871,18.66615772",Ward 3
"-33.89199,18.65834",Ward 3
"-33.90322,18.6498199",Ward 3
"-33.90529275,18.67019176",Ward 3
"-33.8807141,18.64808233",Ward 3
"-33.89665494,18.67079258",Ward 3
"-33.9045616,18.6593043",Ward 3
"-33.88052,18.6564799",Ward 3
"-33.8758,18.645",Ward 3
"-33.87269,18.64125",Ward 3
"-33.876174,18.656964",Ward 3
"-33.9103889,18.6602192",Ward 3
"-33.88180947,18.65087926",Ward 3
"-33.901329,18.6459694",Ward 3
"-33.87207,18.63862",Ward 3
"-33.8844,18.63566",Ward 3
"-33.89829352,18.66695166",Ward 3
"-33.9069999,18.65518",Ward 3
"-33.88399941,18.6350441",Ward 3
"-33.87703309,18.63995185",Ward 3
"-33.88427427,18.63490233",Ward 3
"-33.904,18.66222",Ward 3
"-33.90555,18.65725",Ward 3
"-33.89176,18.6351",Ward 3
"-33.89782,18.67105",Ward 3
"-33.89994,18.67024",Ward 3
"-33.90148,18.6511299",Ward 3
"-33.89006,18.63759",Ward 3
"-33.89506,18.6386499",Ward 3
"-33.87501203,18.64231825",Ward 3
"-33.8759299,18.64191",Ward 3
"-33.8796997,18.6364307",Ward 3
"-33.88065,18.65599",Ward 3
"-33.88147,18.63939",Ward 3
"-33.90517,18.65381",Ward 3
"-33.90982,18.64556",Ward 3
"-33.90855,18.6694",Ward 3
"-33.90226991,18.66625698",Ward 3
"-33.89565753,18.67360353",Ward 3
"-33.87458,18.65096",Ward 3
"-33.88648,18.65829",Ward 3
"-33.89017,18.64016",Ward 3
"-33.8885803,18.6652794",Ward 3
"-33.9037,18.66809",Ward 3
"-33.88984,18.63824",Ward 3
"-33.88984,18.63824",Ward 3
"-33.88984,18.63824",Ward 3
"-33.88137188,18.65875483",Ward 3
"-33.8926392,18.6346092",Ward 3
"-33.88978,18.6339599",Ward 3
"-33.89942,18.64854",Ward 3
"-33.8804293,18.63823156",Ward 3
"-33.89265,18.63461",Ward 3
"-33.90326,18.66106",Ward 3
"-33.90818346,18.64468906",Ward 3
"-33.89994,18.67024",Ward 3
"-33.89821,18.66911",Ward 3
"-33.8755499,18.66917",Ward 3
"-33.8786168,18.6362651",Ward 3
"-33.91383,18.6643",Ward 3
"-33.8938,18.63636",Ward 3
"-33.8814697,18.6356907",Ward 3
"-33.8947,18.6424",Ward 3
"-33.89920664,18.64938098",Ward 3
"-33.87887,18.66259",Ward 3
"-33.87526,18.65119",Ward 3
"-33.89999,18.65332",Ward 3
"-33.88048,18.64833",Ward 3
"-33.880481,18.6692325",Ward 3
"-33.8914299,18.6455097",Ward 3
"-33.90126451,18.6438679",Ward 3
"-33.88973814,18.67165584",Ward 3
"-33.88245,18.66923",Ward 3
"-33.8913851,18.668002",Ward 3
"-33.8753243,18.6390095",Ward 3
"-33.9012,18.66389",Ward 3
"-33.88984,18.63824",Ward 3
"-33.87707,18.66485",Ward 3
"-33.89506,18.6386499",Ward 3
"-33.9020044,18.65058133",Ward 3
"-33.89321,18.66682",Ward 3
"-33.88042,18.65589",Ward 3
"-33.89943,18.67031",Ward 3
"-33.90517,18.65381",Ward 3
"-33.8907,18.63289",Ward 3
"-33.90522,18.65382",Ward 3
"-33.89051,18.66637",Ward 3
"-33.8801599,18.66387",Ward 3
"-33.89475,18.63162",Ward 3
"-33.88321,18.63698",Ward 3
"-33.900219,18.6476898",Ward 3
"-33.90212645,18.66725026",Ward 3
"-33.90057651,18.66917556",Ward 3
"-33.90132,18.67116",Ward 3
"-33.8939538,18.6301204",Ward 3
"-33.90517,18.65381",Ward 3
"-33.87848499,18.51429702",Ward 4
"-33.8597794,18.5128593",Ward 4
"-33.87097,18.50032",Ward 4
"-33.86379,18.5057699",Ward 4
"-33.83408064,18.51610993",Ward 4
"-33.8249207,18.5333996",Ward 4
"-33.857769,18.5195904",Ward 4
"-33.8732414,18.5121593",Ward 4
"-33.89396787,18.50606096",Ward 4
"-33.85476698,18.5160187",Ward 4
"-33.832,18.51448",Ward 4
"-33.82955,18.50621",Ward 4
"-33.8607476,18.5209701",Ward 4
"-33.83215,18.51483",Ward 4
"-33.89464505,18.50705286",Ward 4
"-33.85529823,18.4946674",Ward 4
"-33.87905,18.5284",Ward 4
"-33.8670502,18.5013294",Ward 4
"-33.88723249,18.51217747",Ward 4
"-33.82983818,18.50674868",Ward 4
"-33.87587,18.50121",Ward 4
"-33.83205,18.5121",Ward 4
"-33.87045,18.50691",Ward 4
"-33.87097,18.50032",Ward 4
"-33.87401,18.52765",Ward 4
"-33.8278413,18.5092913",Ward 4
"-33.8683132,18.50722075",Ward 4
"-33.87477852,18.51317767",Ward 4
"-33.89346229,18.50458145",Ward 4
"-33.88921,18.51135",Ward 4
"-33.86046,18.51927",Ward 4
"-33.85189,18.51816",Ward 4
"-33.83338523,18.50498915",Ward 4
"-33.85242,18.51846",Ward 4
"-33.88826,18.51159",Ward 4
"-33.86224484,18.50288461",Ward 4
"-33.83265,18.51403",Ward 4
"-33.89339549,18.51149082",Ward 4
"-33.89062,18.5163699",Ward 4
"-33.87,18.5038899",Ward 4
"-33.87097,18.50032",Ward 4
"-33.85855852,18.51443413",Ward 4
"-33.89162442,18.50845359",Ward 4
"-33.82766,18.51197",Ward 4
"-33.86322,18.51711",Ward 4
"-33.8628959,18.50106697",Ward 4
"-33.8578199,18.49005",Ward 4
"-33.87716,18.50546",Ward 4
"-33.8367999,18.5183399",Ward 4
"-33.85252,18.49478",Ward 4
"-33.85674,18.50505",Ward 4
"-33.83563673,18.5073525",Ward 4
"-33.86299,18.52243",Ward 4
"-33.88624,18.51066",Ward 4
"-33.8559799,18.5204792",Ward 4
"-33.85889208,18.52234304",Ward 4
"-33.893,18.5111",Ward 4
"-33.83853,18.51737",Ward 4
"-33.89265168,18.51054638",Ward 4
"-33.89247243,18.51014193",Ward 4
"-33.89398704,18.50980319",Ward 4
"-33.89363324,18.50609674",Ward 4
"-33.86187628,18.50231458",Ward 4
"-33.89399902,18.50995355",Ward 4
"-33.85468359,18.49518611",Ward 4
"-33.89316,18.51451",Ward 4
"-33.83007772,18.50637213",Ward 4
"-33.85396,18.51131",Ward 4
"-33.8549004,18.5158901",Ward 4
"-33.89125809,18.50855112",Ward 4
"-33.82911,18.5117699",Ward 4
"-33.87097,18.50032",Ward 4
"-33.83177,18.51362",Ward 4
"-33.8496,18.4930999",Ward 4
"-33.8732414,18.5121593",Ward 4
"-33.8375327,18.5068281",Ward 4
"-33.83144239,18.50689888",Ward 4
"-33.86396278,18.50625799",Ward 4
"-33.82729,18.50977",Ward 4
"-33.88442,18.5251899",Ward 4
"-33.87029,18.50006",Ward 4
"-33.86282364,18.50257813",Ward 4
"-33.8524399,18.5113106",Ward 4
"-33.85118,18.51176",Ward 4
"-33.8678,18.50682",Ward 4
"-33.86210048,18.50260758",Ward 4
"-33.86282364,18.50257813",Ward 4
"-33.88814592,18.51183656",Ward 4
"-33.83128012,18.50821028",Ward 4
"-33.83614,18.51322",Ward 4
"-33.83231,18.51398",Ward 4
"-33.8312998,18.51503134",Ward 4
"-33.83176,18.50827",Ward 4
"-33.8303986,18.5119991",Ward 4
"-33.83401,18.50873",Ward 4
"-33.8637619,18.5043507",Ward 4
"-33.83138,18.51216",Ward 4
"-33.831569,18.515337",Ward 4
"-33.87076065,18.50596351",Ward 4
"-33.8661699,18.50861",Ward 4
"-33.86464287,18.50745678",Ward 4
"-33.83265,18.51403",Ward 4
"-33.8300896,18.5070305",Ward 4
"-33.85315,18.51889",Ward 4
"-33.8732414,18.5121593",Ward 4
"-33.83076,18.51031",Ward 4
"-33.88162,18.52054",Ward 4
"-33.88810826,18.51309212",Ward 4
"-33.88214126,18.51766627",Ward 4
"-33.85972,18.52072",Ward 4
"-33.85467571,18.51600992",Ward 4
"-33.83009,18.50703",Ward 4
"-33.89316,18.51451",Ward 4
"-33.8702999,18.5040264",Ward 4
"-33.84856374,18.49250359",Ward 4
"-33.85006,18.51226",Ward 4
"-33.88291,18.52985",Ward 4
"-33.85206278,18.52711201",Ward 4
"-33.8754,18.51965",Ward 4
"-33.85587,18.51303",Ward 4
"-33.86906947,18.52846874",Ward 4
"-33.83864,18.5134599",Ward 4
"-33.8732414,18.5121593",Ward 4
"-33.85218,18.51263",Ward 4
"-33.8723699,18.49794",Ward 4
"-33.83349218,18.50524664",Ward 4
"-33.86744018,18.50413084",Ward 4
"-33.85203,18.52215",Ward 4
"-33.87077,18.49221",Ward 4
"-33.89388,18.50718",Ward 4
"-33.87097,18.50032",Ward 4
"-33.87602953,18.5065057",Ward 4
"-33.86282364,18.50257813",Ward 4
"-33.85484,18.49509",Ward 4
"-33.88624,18.51066",Ward 4
"-33.83009,18.50703",Ward 4
"-33.88291,18.52985",Ward 4
"-33.872795,18.499975",Ward 4
"-33.83009,18.50703",Ward 4
"-33.84753,18.49056",Ward 4
"-33.89316,18.51451",Ward 4
"-33.831856,18.514682",Ward 4
"-33.8804016,18.5252609",Ward 4
"-33.89325,18.5048775",Ward 4
"-33.83101,18.51796",Ward 4
"-33.82729,18.50977",Ward 4
"-33.89316,18.51451",Ward 4
"-33.8304,18.50844",Ward 4
"-33.87445,18.50509",Ward 4
"-33.8648745,18.5105896",Ward 4
"-33.86607,18.52342",Ward 4
"-33.82638,18.53806",Ward 4
"-33.8241299,18.53528",Ward 4
"-33.82603,18.53721",Ward 4
"-33.856119,18.491578",Ward 4
"-33.86509,18.50826",Ward 4
"-33.8648745,18.51754189",Ward 4
"-33.83467,18.51803",Ward 4
"-33.8298988,18.5170002",Ward 4
"-33.8840294,18.5238609",Ward 4
"-33.8362312,18.512991",Ward 4
"-33.83101,18.51796",Ward 4
"-33.87376,18.52215",Ward 4
"-33.82594,18.53529",Ward 4
"-33.86004,18.52147",Ward 4
"-33.85338,18.51832",Ward 4
"-33.85601,18.51781",Ward 4
"-33.85278,18.5187",Ward 4
"-33.8730316,18.5226707",Ward 4
"-33.88718,18.51154",Ward 4
"-33.86904078,18.50725373",Ward 4
"-33.87202058,18.52270171",Ward 4
"-33.86018,18.5211",Ward 4
"-33.86376,18.50435",Ward 4
"-33.89318205,18.5117671",Ward 4
"-33.83155,18.51317",Ward 4
"-33.8609886,18.5214291",Ward 4
"-33.86479432,18.51195753",Ward 4
"-33.83434226,18.52424549",Ward 4
"-33.85505,18.49497",Ward 4
"-33.83045,18.52843",Ward 4
"-33.89147,18.51727",Ward 4
"-33.88624,18.51066",Ward 4
"-33.89339549,18.51155519",Ward 4
"-33.89147,18.51727",Ward 4
"-33.851479,18.508505",Ward 4
"-33.87097,18.50032",Ward 4
"-33.88205,18.52168",Ward 4
"-33.88032,18.52178",Ward 4
"-33.88718,18.51154",Ward 4
"-33.89316,18.51451",Ward 4
"-33.89056063,18.50985772",Ward 4
"-33.89056063,18.50985772",Ward 4
"-33.85972,18.52072",Ward 4
"-33.89316,18.51451",Ward 4
"-33.86489,18.50932",Ward 4
"-33.86018,18.5211",Ward 4
"-33.87097,18.50032",Ward 4
"-33.86018,18.5211",Ward 4
"-33.85298,18.51942",Ward 4
"-33.8740692,18.5023994",Ward 4
"-33.85458,18.51661",Ward 4
"-33.85855,18.51897",Ward 4
"-33.81966,18.52992",Ward 4
"-33.88988,18.52043",Ward 4
"-33.88404,18.52393",Ward 4
"-33.88698,18.52253",Ward 4
"-33.86018,18.5211",Ward 4
"-33.8359,18.5070799",Ward 4
"-33.87097,18.50032",Ward 4
"-33.8359,18.5070799",Ward 4
"-33.86004,18.52147",Ward 4
"-33.83841,18.51364",Ward 4
"-33.86004,18.52147",Ward 4
"-33.86018,18.5211",Ward 4
"-33.85532,18.5227699",Ward 4
"-33.8936501,18.5058098",Ward 4
"-33.8891182,18.5200901",Ward 4
"-33.83407,18.523905",Ward 4
"-33.85346165,18.51894736",Ward 4
"-33.85252,18.5084",Ward 4
"-33.83061,18.51433",Ward 4
"-33.8488617,18.5157509",Ward 4
"-33.86846743,18.5067384",Ward 4
"-33.82407,18.53697",Ward 4
"-33.86004,18.52147",Ward 4
"-33.87628,18.51275",Ward 4
"-33.82244281,18.53328377",Ward 4
"-33.85463,18.5189",Ward 4
"-33.89316,18.51451",Ward 4
"-33.862155,18.501385",Ward 4
"-33.857556,18.505103",Ward 4
"-33.85189,18.51816",Ward 4
"-33.87532,18.50281",Ward 4
"-33.88032,18.52178",Ward 4
"-33.82659,18.53671",Ward 4
"-33.86119,18.52299",Ward 4
"-33.85505312,18.49174257",Ward 4
"-33.83853,18.51737",Ward 4
"-33.872796,18.505892",Ward 4
"-33.878004,18.5253435",Ward 4
"-33.89451761,18.5069418",Ward 4
"-33.89210774,18.50892735",Ward 4
"-33.84876705,18.51373535",Ward 4
"-33.8581999,18.4904699",Ward 4
"-33.85354,18.49564",Ward 4
"-33.85743,18.49076",Ward 4
"-33.88921,18.51135",Ward 4
"-33.89440584,18.50677511",Ward 4
"-33.89464,18.50657",Ward 4
"-33.8549099,18.49008",Ward 4
"-33.89183,18.51399",Ward 4
"-33.89316,18.51451",Ward 4
"-33.85276,18.49492",Ward 4
"-33.86977,18.506726",Ward 4
"-33.88554,18.5207996",Ward 4
"-33.86948,18.49985",Ward 4
"-33.88554,18.5207996",Ward 4
"-33.8511092,18.5118424",Ward 4
"-33.88624,18.51066",Ward 4
"-33.85602,18.509145",Ward 4
"-33.87622347,18.50256443",Ward 4
"-33.86018,18.5211",Ward 4
"-33.8671315,18.5187151",Ward 4
"-33.8845215,18.5255108",Ward 4
"-33.87097,18.50032",Ward 4
"-33.89360923,18.50464582",Ward 4
"-33.8641396,18.4988594",Ward 4
"-33.88678,18.52318",Ward 4
"-33.8840485,18.5258293",Ward 4
"-33.89178,18.51585",Ward 4
"-33.87464,18.5051099",Ward 4
"-33.8557,18.52291",Ward 4
"-33.83724,18.51423",Ward 4
"-33.86901,18.52793",Ward 4
"-33.87280601,18.52435178",Ward 4
"-33.86855,18.51922",Ward 4
"-33.8596001,18.5223694",Ward 4
"-33.87117,18.52686",Ward 4
"-33.83702,18.50582",Ward 4
"-33.85385,18.51961",Ward 4
"-33.86684,18.51763",Ward 4
"-33.8722458,18.5067018",Ward 4
"-33.8530607,18.5192585",Ward 4
"-33.85452,18.52176",Ward 4
"-33.87848596,18.51477385",Ward 4
"-33.86767629,18.51830874",Ward 4
"-33.85471,18.51651",Ward 4
"-33.8266,18.53416",Ward 4
"-33.85699,18.52033",Ward 4
"-33.86018,18.5211",Ward 4
"-33.85442,18.51931",Ward 4
"-33.85845,18.50748",Ward 4
"-33.83077,18.5079",Ward 4
"-33.87774,18.52303",Ward 4
"-33.86299,18.52243",Ward 4
"-33.85557,18.5043",Ward 4
"-33.8546295,18.5188904",Ward 4
"-33.86303742,18.51761617",Ward 4
"-33.88464,18.52366",Ward 4
"-33.86351,18.5174999",Ward 4
"-33.86959,18.55458",Ward 5
"-33.88087,18.53691",Ward 5
"-33.85781,18.53919",Ward 5
"-33.8629189,18.5494499",Ward 5
"-33.85781,18.53919",Ward 5
"-33.86031289,18.54128162",Ward 5
"-33.87974,18.54211",Ward 5
"-33.882019,18.5402393",Ward 5
"-33.85781,18.53919",Ward 5
"-33.86387,18.53593",Ward 5
"-33.87061727,18.54645519",Ward 5
"-33.87989,18.54586",Ward 5
"-33.87882,18.53932",Ward 5
"-33.8587599,18.55125",Ward 5
"-33.8902016,18.5532608",Ward 5
"-33.87882,18.53932",Ward 5
"-33.8661643,18.5302826",Ward 5
"-33.8543,18.53291",Ward 5
"-33.86752,18.53793",Ward 5
"-33.86712,18.53349",Ward 5
"-33.86543,18.53982",Ward 5
"-33.86100802,18.53739023",Ward 5
"-33.85025,18.5382",Ward 5
"-33.85725,18.55075",Ward 5
"-33.86259,18.53964",Ward 5
"-33.85846246,18.5479252",Ward 5
"-33.88085239,18.53924779",Ward 5
"-33.8626598,18.5366859",Ward 5
"-33.86932637,18.53365896",Ward 5
"-33.86720323,18.55343284",Ward 5
"-33.86733,18.53432",Ward 5
"-33.87057926,18.54643744",Ward 5
"-33.87099,18.53472",Ward 5
"-33.88998,18.54384",Ward 5
"-33.87901,18.53255",Ward 5
"-33.88087,18.53691",Ward 5
"-33.85297,18.53886",Ward 5
"-33.8673354,18.5454988",Ward 5
"-33.87085,18.54948",Ward 5
"-33.87691,18.53314",Ward 5
"-33.86430892,18.54620788",Ward 5
"-33.85002,18.53499",Ward 5
"-33.86892709,18.5324432",Ward 5
"-33.87896695,18.54844093",Ward 5
"-33.87714985,18.53281975",Ward 5
"-33.8606186,18.5503693",Ward 5
"-33.8609565,18.5547736",Ward 5
"-33.85598,18.53803",Ward 5
"-33.85891,18.54562",Ward 5
"-33.85317482,18.53972007",Ward 5
"-33.89012,18.5532499",Ward 5
"-33.85593,18.53996",Ward 5
"-33.85781,18.53919",Ward 5
"-33.86671687,18.55389395",Ward 5
"-33.85781,18.53919",Ward 5
"-33.86189,18.53892",Ward 5
"-33.85028,18.53484",Ward 5
"-33.87066336,18.546245",Ward 5
"-33.8698082,18.5365009",Ward 5
"-33.87951,18.54037",Ward 5
"-33.8863,18.54296",Ward 5
"-33.85781,18.53919",Ward 5
"-33.85232,18.54005",Ward 5
"-33.87783,18.53941",Ward 5
"-33.87021957,18.54610205",Ward 5
"-33.87037,18.53879",Ward 5
"-33.87569296,18.54082503",Ward 5
"-33.8699684,18.5359192",Ward 5
"-33.873353,18.539149",Ward 5
"-33.86015274,18.54990005",Ward 5
"-33.86491,18.53328",Ward 5
"-33.86009,18.54117",Ward 5
"-33.8636284,18.5352192",Ward 5
"-33.85271,18.54117",Ward 5
"-33.87849985,18.54400221",Ward 5
"-33.870255,18.537456",Ward 5
"-33.86271856,18.53108168",Ward 5
"-33.87782,18.53483",Ward 5
"-33.85781,18.53919",Ward 5
"-33.85781,18.53919",Ward 5
"-33.879509,18.5403709",Ward 5
"-33.86159416,18.54881676",Ward 5
"-33.8768699,18.54382",Ward 5
"-33.85149,18.53471",Ward 5
"-33.85922,18.55062",Ward 5
"-33.8740499,18.5495899",Ward 5
"-33.87679325,18.53252027",Ward 5
"-33.8562299,18.53413",Ward 5
"-33.8682289,18.5550499",Ward 5
"-33.85781,18.53919",Ward 5
"-33.87951,18.54037",Ward 5
"-33.8626868,18.5307529",Ward 5
"-33.85780034,18.55116024",Ward 5
"-33.87486,18.54956",Ward 5
"-33.87062,18.5363",Ward 5
"-33.86894,18.5372",Ward 5
"-33.85781,18.53919",Ward 5
"-33.85781,18.53919",Ward 5
"-33.85121,18.53528",Ward 5
"-33.87172,18.54175",Ward 5
"-33.85781,18.53919",Ward 5
"-33.85716202,18.55479094",Ward 5
"-33.87951,18.54037",Ward 5
"-33.85739,18.53735",Ward 5
"-33.86919,18.6996499",Ward 6
"-33.87118979,18.69888035",Ward 6
"-33.88120988,18.7058335",Ward 6
"-33.86358,18.70723",Ward 6
"-33.85826,18.73666",Ward 6
"-33.8777,18.72275",Ward 6
"-33.87444,18.69785",Ward 6
"-33.8633479,18.7106925",Ward 6
"-33.87758,18.72049",Ward 6
"-33.86477,18.70928",Ward 6
"-33.86628575,18.70374362",Ward 6
"-33.86853,18.7009599",Ward 6
"-33.87444,18.69785",Ward 6
"-33.86793,18.70063",Ward 6
"-33.88286,18.69958",Ward 6
"-33.87133,18.69989",Ward 6
"-33.87444,18.69785",Ward 6
"-33.86527,18.70519",Ward 6
"-33.86527,18.70519",Ward 6
"-33.88095744,18.69504104",Ward 6
"-33.87444,18.69785",Ward 6
"-33.87421,18.72593",Ward 6
"-33.86637,18.7041",Ward 6
"-33.88118189,18.70552973",Ward 6
"-33.8737076,18.70273386",Ward 6
"-33.866291,18.7040005",Ward 6
"-33.86637,18.7041",Ward 6
"-33.8663,18.70399",Ward 6
"-33.88067,18.70751",Ward 6
"-33.87939,18.69229",Ward 6
"-33.88274,18.70965",Ward 6
"-33.86987,18.69971",Ward 6
"-33.87346,18.69659",Ward 6
"-33.87444,18.69785",Ward 6
"-33.8613,18.71175",Ward 6
"-33.87288,18.69912",Ward 6
"-33.86806,18.73092",Ward 6
"-33.88066,18.69637",Ward 6
"-33.8741903,18.6985732",Ward 6
"-33.87733,18.70308",Ward 6
"-33.87445077,18.70372377",Ward 6
"-33.88295,18.70216",Ward 6
"-33.87517,18.698",Ward 6
"-33.86637,18.7041",Ward 6
"-33.86542684,18.70503902",Ward 6
"-33.866291,18.7040005",Ward 6
"-33.88121,18.70802",Ward 6
"-33.87738,18.7197299",Ward 6
"-33.86727982,18.70542526",Ward 6
"-33.86329318,18.71067703",Ward 6
"-33.87939,18.69229",Ward 6
"-33.86657,18.70724",Ward 6
"-33.862375,18.70927",Ward 6
"-33.87283853,18.70070457",Ward 6
"-33.8734398,18.7022095",Ward 6
"-33.86838,18.72132",Ward 6
"-33.8734899,18.69945",Ward 6
"-33.8663,18.70399",Ward 6
"-33.87605,18.69841",Ward 6
"-33.88249,18.71301",Ward 6
"-33.8708687,18.6999607",Ward 6
"-33.87445077,18.70372377",Ward 6
"-33.86195,18.71257",Ward 6
"-33.8766813,18.7035602",Ward 6
"-33.8734703,18.6995201",Ward 6
"-33.8780121,18.7024208",Ward 6
"-33.87444,18.69785",Ward 6
"-33.8759995,18.7042392",Ward 6
"-33.88033,18.70902",Ward 6
"-33.87292,18.72483",Ward 6
"-33.8601,18.71021",Ward 6
"-33.86256,18.71287",Ward 6
"-33.86647,18.71447",Ward 7
"-33.87446,18.719445",Ward 7
"-33.86647,18.71447",Ward 7
"-33.86647,18.71447",Ward 7
"-33.86392,18.71154",Ward 7
"-33.86647,18.71447",Ward 7
"-33.8633385,18.7231007",Ward 7
"-33.85901,18.71227",Ward 7
"-33.86647,18.71447",Ward 7
"-33.86647,18.71447",Ward 7
"-33.85508,18.72233",Ward 7
"-33.8665,18.71449",Ward 7
"-33.8666611,18.7073193",Ward 7
"-33.864536,18.716157",Ward 7
"-33.86647,18.71447",Ward 7
"-33.86647,18.71447",Ward 7
"-33.8577,18.72135",Ward 7
"-33.86397,18.72013",Ward 7
"-33.87061,18.71409",Ward 7
"-33.86681,18.71175",Ward 7
"-33.873912,18.713542",Ward 7
"-33.8642271,18.7200781",Ward 7
"-33.86226,18.71925",Ward 7
"-33.86647,18.71447",Ward 7
"-33.86944,18.71399",Ward 7
"-33.8582687,18.7128391",Ward 7
"-33.86647,18.71447",Ward 7
"-33.86296626,18.71487373",Ward 7
"-33.8584,18.71928",Ward 7
"-33.85618781,18.72371344",Ward 7
"-33.87319,18.71903",Ward 7
"-33.86226,18.71925",Ward 7
"-33.86008,18.72254",Ward 7
"-33.86875,18.71808",Ward 7
"-33.85345,18.7274299",Ward 7
"-33.87194,18.71597",Ward 7
"-33.86647,18.71447",Ward 7
"-33.91122,18.67473",Ward 8
"-33.9010887,18.6915493",Ward 8
"-33.88973,18.6911",Ward 8
"-33.8973,18.6977699",Ward 8
"-33.8932686,18.6913204",Ward 8
"-33.8904305,18.6898994",Ward 8
"-33.89256,18.69875",Ward 8
"-33.89602,18.70591",Ward 8
"-33.8856899,18.68631",Ward 8
"-33.9107018,18.6791",Ward 8
"-33.91436,18.68307",Ward 8
"-33.89327,18.69132",Ward 8
"-33.89251382,18.73851299",Ward 8
"-33.88741,18.7037",Ward 8
"-33.8860699,18.67898",Ward 8
"-33.8856899,18.69146",Ward 8
"-33.914842,18.6699789",Ward 8
"-33.92316,18.67152",Ward 8
"-33.8805695,18.6820507",Ward 8
"-33.8856899,18.68631",Ward 8
"-33.8780796,18.6795439",Ward 8
"-33.89531,18.70027",Ward 8
"-33.91225,18.68837",Ward 8
"-33.91023,18.67889",Ward 8
"-33.9107,18.6790999",Ward 8
"-33.9163017,18.6852703",Ward 8
"-33.88743,18.71819",Ward 8
"-33.88491,18.6993",Ward 8
"-33.895674,18.713687",Ward 8
"-33.89755,18.69482",Ward 8
"-33.89770984,18.694084",Ward 8
"-33.88711,18.74655",Ward 8
"-33.88331,18.68891",Ward 8
"-33.89079,18.70418",Ward 8
"-33.88318,18.71904",Ward 8
"-33.8952979,18.706707",Ward 8
"-33.88675,18.67796",Ward 8
"-33.9103,18.6860399",Ward 8
"-33.87977,18.68239",Ward 8
"-33.89159,18.67931",Ward 8
"-33.9005649,18.6972847",Ward 8
"-33.9107,18.6790999",Ward 8
"-33.89559388,18.71388648",Ward 8
"-33.88499,18.69622",Ward 8
"-33.89256,18.69875",Ward 8
"-33.88946688,18.68888779",Ward 8
"-33.8869905,18.687047",Ward 8
"-33.88320223,18.7130079",Ward 8
"-33.88402613,18.68070602",Ward 8
"-33.8811913,18.7163601",Ward 8
"-33.908094,18.683212",Ward 8
"-33.89661,18.6941099",Ward 8
"-33.89695256,18.71435644",Ward 8
"-33.8824692,18.6962204",Ward 8
"-33.8957587,18.6993825",Ward 8
"-33.8869,18.68999",Ward 8
"-33.8932686,18.6913204",Ward 8
"-33.88711,18.74655",Ward 8
"-33.91149,18.68281",Ward 8
"-33.90541742,18.69757175",Ward 8
"-33.9237,18.67417",Ward 8
"-33.9175682,18.6744995",Ward 8
"-33.91288,18.67716",Ward 8
"-33.8814201,18.6816292",Ward 8
"-33.88073029,18.68241814",Ward 8
"-33.88726,18.70551",Ward 8
"-33.88821263,18.69347895",Ward 8
"-33.89256,18.69875",Ward 8
"-33.8823099,18.70497",Ward 8
"-33.89755,18.69482",Ward 8
"-33.89256,18.69875",Ward 8
"-33.89673,18.69579",Ward 8
"-33.89327,18.69132",Ward 8
"-33.89347,18.69094",Ward 8
"-33.8823099,18.70497",Ward 8
"-33.8906,18.70023",Ward 8
"-33.8932686,18.6913204",Ward 8
"-33.8900099,18.69829",Ward 8
"-33.89327,18.69132",Ward 8
"-33.8880399,18.69338",Ward 8
"-33.88882,18.70685",Ward 8
"-33.8969646,18.7000857",Ward 8
"-33.89073,18.68939",Ward 8
"-33.9175415,18.6697807",Ward 8
"-33.90715,18.68373",Ward 8
"-33.91032001,18.68321359",Ward 8
"-33.9155502,18.6731892",Ward 8
"-33.91149,18.68281",Ward 8
"-33.91547,18.68097",Ward 8
"-33.91576382,18.6646986",Ward 8
"-33.91288,18.67716",Ward 8
"-33.88009,18.69203",Ward 8
"-33.8886899,18.69334",Ward 8
"-33.88215569,18.7139225",Ward 8
"-33.88884,18.69876",Ward 8
"-33.88558,18.69197",Ward 8
"-33.88479,18.67805",Ward 8
"-33.88424,18.67911",Ward 8
"-33.88730962,18.70432471",Ward 8
"-33.87526,18.6766599",Ward 8
"-33.88561,18.69809",Ward 8
"-33.9090095,18.683062",Ward 8
"-33.89042,18.69998",Ward 8
"-33.90062666,18.69752884",Ward 8
"-33.8915901,18.6793098",Ward 8
"-33.8886899,18.69334",Ward 8
"-33.88953031,18.68948221",Ward 8
"-33.88054,18.68225",Ward 8
"-33.8975487,18.6948204",Ward 8
"-33.88461,18.70038",Ward 8
"-33.8932686,18.6913204",Ward 8
"-33.8932686,18.6913204",Ward 8
"-33.91225,18.68837",Ward 8
"-33.8869019,18.6920605",Ward 8
"-33.89922,18.703",Ward 8
"-33.88596,18.71777",Ward 8
"-33.88779,18.69016",Ward 8
"-33.89252074,18.71489124",Ward 8
"-33.89327,18.69132",Ward 8
"-33.89755,18.69482",Ward 8
"-33.91601311,18.7097168",Ward 8
"-33.88890909,18.7068938",Ward 8
"-33.88304,18.70752",Ward 8
"-33.8765644,18.673847",Ward 8
"-33.91225,18.68837",Ward 8
"-33.9175415,18.6697807",Ward 8
"-33.8915,18.68742",Ward 8
"-33.87112,18.67892",Ward 8
"-33.91166,18.67576",Ward 8
"-33.9107,18.6790999",Ward 8
"-33.89563,18.7030299",Ward 8
"-33.8867,18.67737",Ward 8
"-33.89256,18.69875",Ward 8
"-33.89775,18.69323",Ward 8
"-33.88491,18.6993",Ward 8
"-33.8867,18.67737",Ward 8
"-33.89327,18.69132",Ward 8
"-33.8867,18.67737",Ward 8
"-33.91225,18.68837",Ward 8
"-33.9049967,18.684198",Ward 8
"-33.9072418,18.6832905",Ward 8
"-33.91962,18.67812",Ward 8
"-33.890745,18.689425",Ward 8
"-33.88675,18.67796",Ward 8
"-33.88745704,18.69307492",Ward 8
"-33.89327,18.69132",Ward 8
"-33.8866806,18.6780701",Ward 8
"-33.8904305,18.6898994",Ward 8
"-33.87483,18.67635",Ward 8
"-33.9146,18.66941",Ward 8
"-33.87394,18.68223",Ward 8
"-33.9081116,18.6776409",Ward 8
"-33.91225,18.68837",Ward 8
"-33.88204,18.68204",Ward 8
"-33.91757,18.67867",Ward 8
"-33.88711,18.74655",Ward 8
"-33.88029,18.67661",Ward 8
"-33.91686783,18.67097497",Ward 8
"-33.897745,18.6942942",Ward 8
"-33.88160108,18.68115476",Ward 8
"-33.89859,18.68354",Ward 8
"-33.90378788,18.69861782",Ward 8
"-33.8899644,18.6953647",Ward 8
"-33.8899644,18.6953647",Ward 8
"-33.9158897,18.6708508",Ward 8
"-33.9202499,18.6756401",Ward 8
"-33.91225,18.68837",Ward 8
"-33.87803,18.67998",Ward 8
"-33.88962,18.69515",Ward 8
"-33.88334197,18.70211413",Ward 8
"-33.91617337,18.66881847",Ward 8
"-33.91225,18.68837",Ward 8
"-33.89785,18.69992",Ward 8
"-33.8861844,18.6943113",Ward 8
"-33.88491,18.6993",Ward 8
"-33.88491,18.6993",Ward 8
"-33.8867,18.67737",Ward 8
"-33.8843193,18.7169609",Ward 8
"-33.89327,18.69132",Ward 8
"-33.88711,18.74655",Ward 8
"-33.89327,18.69132",Ward 8
"-33.91754448,18.67860317",Ward 8
"-33.91547446,18.67603362",Ward 8
"-33.88079,18.71634",Ward 8
"-33.8932686,18.6913204",Ward 8
"-33.89327,18.69132",Ward 8
"-33.8945478,18.7057024",Ward 8
"-33.92136,18.67",Ward 8
"-33.92374,18.67021",Ward 8
"-33.88895452,18.69865537",Ward 8
"-33.89607,18.7041",Ward 8
"-33.89256,18.69875",Ward 8
"-33.87305,18.67655",Ward 8
"-33.91547,18.68097",Ward 8
"-33.89327,18.69132",Ward 8
"-33.8888,18.70118",Ward 8
"-33.87310967,18.67351383",Ward 8
"-33.90013179,18.6998738",Ward 8
"-33.88481,18.70835",Ward 8
"-33.8897,18.70399",Ward 8
"-33.89029624,18.70076895",Ward 8
"-33.88144937,18.70533456",Ward 8
"-33.91225,18.68837",Ward 8
"-33.91225,18.68837",Ward 8
"-33.89075,18.7006",Ward 8
"-33.88667,18.69337",Ward 8
"-33.8856899,18.68631",Ward 8
"-33.914666,18.685103",Ward 8
"-33.8932686,18.6913204",Ward 8
"-33.88088,18.67988",Ward 8
"-33.91225,18.68837",Ward 8
"-33.8932686,18.6913204",Ward 8
"-33.8885,18.6938299",Ward 8
"-33.88452,18.71472",Ward 8
"-33.89859,18.68354",Ward 8
"-33.89553471,18.69401423",Ward 8
"-33.89557,18.70268",Ward 8
"-33.92198972,18.67414651",Ward 8
"-33.89755,18.69482",Ward 8
"-33.89805406,18.68900689",Ward 8
"-33.91148632,18.68048194",Ward 8
"-33.92231,18.67185",Ward 8
"-33.91482998,18.67126418",Ward 8
"-33.9147222,18.6907319",Ward 8
"-33.91698,18.69817",Ward 8
"-33.89859,18.68354",Ward 8
"-33.8871735,18.6871687",Ward 8
"-33.8971138,18.693491",Ward 8
"-33.8867,18.67737",Ward 8
"-33.91142,18.67967",Ward 8
"-33.90468,18.59289",Ward 10
"-33.90667,18.60168",Ward 10
"-33.90035,18.6405",Ward 10
"-33.9,18.6333",Ward 10
"-33.90325856,18.6032772",Ward 10
"-33.9040899,18.5951",Ward 10
"-33.91445,18.60361",Ward 10
"-33.89964711,18.59322309",Ward 10
"-33.90088,18.63453",Ward 10
"-33.90135,18.63003",Ward 10
"-33.9035416,18.6065292",Ward 10
"-33.90442,18.59572",Ward 10
"-33.90573,18.58876",Ward 10
"-33.90142,18.63875",Ward 10
"-33.90412,18.59669",Ward 10
"-33.9,18.6333",Ward 10
"-33.905415,18.588945",Ward 10
"-33.90834,18.60378",Ward 10
"-33.9086494,18.5900192",Ward 10
"-33.90007,18.59344",Ward 10
"-33.89954,18.59371",Ward 10
"-33.9183499,18.6139699",Ward 10
"-33.9052099,18.5930941",Ward 10
"-33.90523,18.59184",Ward 10
"-33.9018593,18.6389294",Ward 10
"-33.90335,18.60303",Ward 10
"-33.90578574,18.5986027",Ward 10
"-33.9068436,18.59873845",Ward 10
"-33.90468,18.59289",Ward 10
"-33.9125214,18.6054802",Ward 10
"-33.90112,18.64121",Ward 10
"-33.90248191,18.64276897",Ward 10
"-33.91762,18.6052",Ward 10
"-33.90007,18.63235",Ward 10
"-33.91090667,18.59928155",Ward 10
"-33.90937,18.59846",Ward 10
"-33.90591,18.58823",Ward 10
"-33.9,18.6",Ward 10
"-33.90167996,18.63982737",Ward 10
"-33.9,18.6333",Ward 10
"-33.90301,18.61554",Ward 10
"-33.91845,18.6060899",Ward 10
"-33.903721,18.6406473",Ward 10
"-33.90289,18.59639",Ward 10
"-33.9025954,18.642875",Ward 10
"-33.90222,18.64323",Ward 10
"-33.9047813,18.5921898",Ward 10
"-33.9048157,18.5914551",Ward 10
"-33.89936,18.63719",Ward 10
"-33.90332424,18.64138623",Ward 10
"-33.90035,18.6405",Ward 10
"-33.90035,18.6405",Ward 10
"-33.9022,18.62824",Ward 10
"-33.90283,18.6345199",Ward 10
"-33.90143,18.62722",Ward 10
"-33.90444,18.6100299",Ward 10
"-33.90395,18.60331",Ward 10
"-33.9022217,18.6432304",Ward 10
"-33.9039116,18.6183491",Ward 10
"-33.9,18.6333",Ward 10
"-33.90529,18.64886",Ward 10
"-33.9012,18.6347",Ward 10
"-33.90035,18.6405",Ward 10
"-33.9,18.6333",Ward 10
"-33.91424,18.63323",Ward 10
"-33.90039,18.63353",Ward 10
"-33.9221611,18.60322",Ward 10
"-33.9082999,18.5914499",Ward 10
"-33.9035286,18.5960994",Ward 10
"-33.90533,18.6533",Ward 10
"-33.9,18.6",Ward 10
"-33.89899248,18.59255905",Ward 10
"-33.9,18.6333",Ward 10
"-33.90035,18.6405",Ward 10
"-33.92216,18.60322",Ward 10
"-33.9032686,18.5978021",Ward 10
"-33.90425,18.59324",Ward 10
"-33.9043395,18.5940128",Ward 10
"-33.90485,18.6122",Ward 10
"-33.90588781,18.62790479",Ward 10
"-33.90186,18.63054",Ward 10
"-33.9051285,18.6009293",Ward 10
"-33.90684213,18.59423161",Ward 10
"-33.904941,18.645545",Ward 10
"-33.90242545,18.63304853",Ward 10
"-33.9052635,18.5904534",Ward 10
"-33.9052999,18.65316",Ward 10
"-33.8981,18.64012",Ward 10
"-33.9002,18.64317",Ward 10
"-33.90147,18.63658",Ward 10
"-33.91623,18.61291",Ward 10
"-33.9030634,18.5990545",Ward 10
"-33.9,18.6333",Ward 10
"-33.89622,18.64083",Ward 10
"-33.9,18.6333",Ward 10
"-33.90396,18.59288",Ward 10
"-33.90301,18.61554",Ward 10
"-33.90116,18.62696",Ward 10
"-33.9052999,18.65316",Ward 10
"-33.9068468,18.5989638",Ward 10
"-33.90398,18.5928",Ward 10
"-33.90102,18.63712",Ward 10
"-33.90335,18.60303",Ward 10
"-33.9,18.6",Ward 10
"-33.90258,18.59319",Ward 10
"-33.9035459,18.6036566",Ward 10
"-33.91007,18.59842",Ward 10
"-33.8990099,18.59971",Ward 10
"-33.91007,18.59842",Ward 10
"-33.90337,18.59855",Ward 10
"-33.9049901,18.6036",Ward 10
"-33.91101,18.60675",Ward 10
"-33.90657,18.63751",Ward 10
"-33.90203944,18.64341358",Ward 10
"-33.91896,18.6021",Ward 10
"-33.92216,18.60322",Ward 10
"-33.9008671,18.6333761",Ward 10
"-33.9167,18.6",Ward 10
"-33.90035,18.6405",Ward 10
"-33.9043395,18.5940128",Ward 10
"-33.89970086,18.63675923",Ward 10
"-33.90035,18.6405",Ward 10
"-33.90222,18.64323",Ward 10
"-33.90179217,18.63327491",Ward 10
"-33.90357,18.63041",Ward 10
"-33.90358307,18.62837076",Ward 10
"-33.9019234,18.62807194",Ward 10
"-33.90433,18.6051",Ward 10
"-33.90116,18.62696",Ward 10
"-33.92777,18.68025",Ward 11
"-33.92224302,18.67657429",Ward 11
"-33.9336,18.68235",Ward 11
"-33.92574844,18.68013121",Ward 11
"-33.92576563,18.67682058",Ward 11
"-33.92809,18.68041",Ward 11
"-33.93033,18.66631",Ward 11
"-33.92422165,18.68712187",Ward 11
"-33.93906,18.6642",Ward 11
"-33.92707,18.6806899",Ward 11
"-33.9280199,18.68074",Ward 11
"-33.9330282,18.6838195",Ward 11
"-33.92874,18.67967",Ward 11
"-33.9333,18.6667",Ward 11
"-33.92707,18.6806899",Ward 11
"-33.93157,18.67125",Ward 11
"-33.9241,18.66778",Ward 11
"-33.93185,18.68606",Ward 11
"-33.9246835,18.6747163",Ward 11
"-33.9417496,18.6764107",Ward 11
"-33.9417862,18.6854723",Ward 11
"-33.92338,18.6779",Ward 11
"-33.9250006,18.6784452",Ward 11
"-33.92288,18.67747",Ward 11
"-33.944862,18.66802",Ward 11
"-33.9407799,18.67172",Ward 11
"-33.93029,18.68367",Ward 11
"-33.93081,18.68189",Ward 11
"-33.9309,18.68098",Ward 11
"-33.9432199,18.67605",Ward 11
"-33.9432199,18.67605",Ward 11
"-33.9333,18.6667",Ward 11
"-33.926774,18.6877613",Ward 11
"-33.93256,18.6847299",Ward 11
"-33.92724,18.67871",Ward 11
"-33.9385185,18.6648502",Ward 11
"-33.93409,18.68467",Ward 11
"-33.92475694,18.6817979",Ward 11
"-33.93326439,18.6873852",Ward 11
"-33.92431067,18.67817402",Ward 11
"-33.94524,18.6820099",Ward 11
"-33.936,18.66744",Ward 11
"-33.94572,18.68065",Ward 11
"-33.93132,18.6743",Ward 11
"-33.9249148,18.6801926",Ward 11
"-33.9293,18.69311",Ward 11
"-33.92242,18.66625",Ward 11
"-33.9313999,18.68217293",Ward 11
"-33.92367,18.687705",Ward 11
"-33.93242049,18.68869901",Ward 11
"-33.92157,18.68066",Ward 11
"-33.92302,18.68019",Ward 11
"-33.93079,18.67795",Ward 11
"-33.927285,18.678995",Ward 11
"-33.92799,18.6791899",Ward 11
"-33.934442,18.674157",Ward 11
"-33.92571726,18.67637157",Ward 11
"-33.92366,18.68552",Ward 11
"-33.94489,18.67684",Ward 11
"-33.94298612,18.68682146",Ward 11
"-33.9319,18.68838",Ward 11
"-33.93081,18.68189",Ward 11
"-33.92656,18.69715",Ward 11
"-33.9333,18.6667",Ward 11
"-33.92777,18.68025",Ward 11
"-33.9435335,18.6640822",Ward 11
"-33.94186,18.67427",Ward 11
"-33.9260903,18.6722553",Ward 11
"-33.94588,18.678",Ward 11
"-33.94186,18.67427",Ward 11
"-33.94128569,18.67538698",Ward 11
"-33.946957,18.66581101",Ward 11
"-33.9487114,18.6830006",Ward 11
"-33.932965,18.680455",Ward 11
"-33.93168,18.68907",Ward 11
"-33.93168,18.68158",Ward 11
"-33.93867,18.66417",Ward 11
"-33.93931,18.68375",Ward 11
"-33.92413,18.68333",Ward 11
"-33.92701,18.67768",Ward 11
"-33.93436,18.6829",Ward 11
"-33.9222285,18.6768096",Ward 11
"-33.93018,18.68213",Ward 11
"-33.92777,18.68025",Ward 11
"-33.91903,18.68952",Ward 11
"-33.9416,18.65636",Ward 12
"-33.943063,18.656893",Ward 12
"-33.9504585,18.65518",Ward 12
"-33.9414711,18.6450901",Ward 12
"-33.94594106,18.64819765",Ward 12
"-33.94932,18.64071",Ward 12
"-33.947325,18.6477",Ward 12
"-33.9476891,18.6478291",Ward 12
"-33.94731,18.63652",Ward 12
"-33.950654,18.641573",Ward 12
"-33.93986,18.64045",Ward 12
"-33.94029,18.63659",Ward 12
"-33.93757,18.64357",Ward 12
"-33.9488399,18.64163",Ward 12
"-33.95273,18.64926",Ward 12
"-33.94743151,18.63719412",Ward 12
"-33.95299,18.65194",Ward 12
"-33.95133825,18.65628216",Ward 12
"-33.9433937,18.6437836",Ward 12
"-33.93813,18.6405",Ward 12
"-33.9445,18.65073",Ward 12
"-33.94869,18.63417",Ward 12
"-33.93712,18.6426",Ward 12
"-33.9395905,18.6451302",Ward 12
"-33.9488399,18.64163",Ward 12
"-34.0010696,18.5072224",Ward 63
"-34.01456,18.50561",Ward 63
"-34.02417,18.49326",Ward 63
"-34.02369,18.4954",Ward 63
"-34.0169487,18.5060291",Ward 63
"-34.00057,18.50326",Ward 63
"-34.0159111,18.4997406",Ward 63
"-34.00069,18.50531",Ward 63
"-34.0101299,18.51669",Ward 63
"-34.0010696,18.5072224",Ward 63
"-34.0077,18.47226",Ward 63
"-34.00857,18.50425",Ward 63
"-34.00833135,18.50395311",Ward 63
"-34.0066787,18.5211266",Ward 63
"-34.00069,18.50531",Ward 63
"-34.01156,18.47817",Ward 63
"-34.0135612,18.4804897",Ward 63
"-34.0086464,18.5041109",Ward 63
"-34.0027388,18.4761611",Ward 63
"-34.01901413,18.49476343",Ward 63
"-34.0163383,18.5159302",Ward 63
"-34.00096,18.50702",Ward 63
"-34.02105,18.49395",Ward 63
"-34.00062889,18.50366884",Ward 63
"-34.01121,18.47836",Ward 63
"-34.00837,18.50384",Ward 63
"-34.0111396,18.4782587",Ward 63
"-34.0042199,18.47503",Ward 63
"-34.01121,18.47836",Ward 63
"-34.00285,18.477",Ward 63
"-34.00573566,18.50844156",Ward 63
"-34.01099,18.47821",Ward 63
"-34.02405557,18.49435961",Ward 63
"-34.00391,18.51453",Ward 63
"-34.00442,18.51383",Ward 63
"-34.01173,18.47797",Ward 63
"-34.01693,18.4996699",Ward 63
"-34.0088615,18.4730091",Ward 63
"-34.00242,18.48528",Ward 63
"-34.01378014,18.48064047",Ward 63
"-34.00285,18.477",Ward 63
"-34.00416446,18.50458145",Ward 63
"-34.01157126,18.47844012",Ward 63
"-34.02497428,18.49632025",Ward 63
"-34.00096,18.50702",Ward 63
"-34.0043282,18.476248",Ward 63
"-34.01675,18.50529",Ward 63
"-34.01988,18.49065",Ward 63
"-34.00272359,18.4744978",Ward 63
"-34.0081215,18.4795494",Ward 63
"-34.00852,18.51542",Ward 63
"-34.00159,18.508363",Ward 63
"-34.00821,18.479595",Ward 63
"-34.00359691,18.5158478",Ward 63
"-34.02077715,18.48327398",Ward 63
"-34.007483,18.51181412",Ward 63
"-34.00419,18.50839",Ward 63
"-34.00382,18.50346",Ward 63
"-34.01456,18.50561",Ward 63
"-34.0113669,18.47836199",Ward 63
"-34.02609983,18.49416595",Ward 63
"-34.01372,18.4801499",Ward 63
"-34.00626005,18.47344331",Ward 63
"-34.00657326,18.47763115",Ward 63
"-34.0243492,18.4819508",Ward 63
"-34.0089344,18.4762548",Ward 63
"-34.01524588,18.49900246",Ward 63
"-34.0044785,18.4751301",Ward 63
"-34.01032991,18.47165823",Ward 63
"-34.00712,18.47641",Ward 63
"-34.01324,18.47091",Ward 63
"-34.01988,18.49065",Ward 63
"-34.0044785,18.4751301",Ward 63
"-34.02349,18.49349",Ward 63
"-34.0169,18.50445",Ward 63
"-34.00464475,18.50028992",Ward 63
"-34.01711,18.50612",Ward 63
"-34.0241699,18.4932594",Ward 63
"-34.01236295,18.49368405",Ward 63
"-34.0054588,18.47188",Ward 63
"-34.0220451,18.4919109",Ward 63
"-34.0111795,18.4800781",Ward 63
"-34.01835,18.48179",Ward 63
"-34.02208422,18.48059288",Ward 63
"-34.0010681,18.5072231",Ward 63
"-34.01686,18.51935",Ward 63
"-34.0175,18.49994",Ward 63
"-34.00096,18.50702",Ward 63
"-34.01988,18.49065",Ward 63
"-34.0073999,18.47931",Ward 63
"-34.01693,18.51904",Ward 63
"-34.00287,18.50578",Ward 63
"-34.01988,18.49065",Ward 63
"-34.01921,18.50416",Ward 63
"-34.0080699,18.51696",Ward 63
"-34.0087,18.50459",Ward 63
"-34.01361,18.49409",Ward 63
"-34.00074712,18.50452235",Ward 63
"-34.02394,18.48722",Ward 63
"-34.004354,18.503178",Ward 63
"-34.0146,18.48313",Ward 63
"-34.01208,18.47793",Ward 63
"-34.01358,18.47566",Ward 63
"-34.01029,18.51727",Ward 63
"-34.00266497,18.5168002",Ward 63
"-34.02078,18.505",Ward 63
"-34.0106201,18.4739338",Ward 63
"-34.0082251,18.4791648",Ward 63
"-34.00812,18.47955",Ward 63
"-34.0082251,18.4791648",Ward 63
"-34.0144196,18.5218391",Ward 63
"-34.01085,18.47202",Ward 63
"-34.01987,18.4935699",Ward 63
"-34.0110699,18.50462",Ward 63
"-34.01988,18.49065",Ward 63
"-34.0131,18.47443",Ward 63
"-34.014389,18.4832993",Ward 63
"-34.0126419,18.4794807",Ward 63
"-34.01156,18.47817",Ward 63
"-34.01156,18.47817",Ward 63
"-34.02134,18.49395",Ward 63
"-34.023922,18.490802",Ward 63
"-34.0043267,18.4779605",Ward 63
"-34.00821,18.479595",Ward 63
"-34.015545,18.498341",Ward 63
"-34.02087,18.48551",Ward 63
"-34.01441,18.49325",Ward 63
"-34.02022613,18.48464045",Ward 63
"-34.01373,18.47419",Ward 63
"-34.01341,18.48787",Ward 63
"-34.01712945,18.48448606",Ward 63
"-34.0115,18.501",Ward 63
"-34.0333,18.4667",Ward 73
"-34.02255,18.46712",Ward 73
"-34.03032085,18.46571633",Ward 73
"-34.0227394,18.4670792",Ward 73
"-34.02031,18.46782",Ward 73
"-34.02914,18.48635",Ward 73
"-34.01893,18.47228",Ward 73
"-34.03255,18.4697299",Ward 73
"-34.02255,18.46712",Ward 73
"-34.02255,18.46712",Ward 73
"-34.02255,18.46712",Ward 73
"-34.02255,18.46712",Ward 73
"-34.02125,18.46738",Ward 73
"-34.02576639,18.46641672",Ward 73
"-34.03196309,18.46593618",Ward 73
"-34.02863991,18.4793495",Ward 73
"-34.02167,18.4668199",Ward 73
"-34.0237251,18.4684116",Ward 73
"-34.03159473,18.48173182",Ward 73
"-34.03004,18.46575",Ward 73
"-34.02094753,18.46765395",Ward 73
"-34.03712811,18.46437648",Ward 73
"-34.0213224,18.46806289",Ward 73
"-34.01964779,18.46771333",Ward 73
"-34.0272999,18.46471",Ward 73
"-34.02167,18.46766",Ward 73
"-34.03779,18.46494",Ward 73
"-34.02612,18.48648",Ward 73
"-34.02287,18.4700099",Ward 73
"-34.02555,18.46787",Ward 73
"-34.03675239,18.46467996",Ward 73
"-34.029331,18.465858",Ward 73
"-34.02175531,18.46977711",Ward 73
"-34.03812,18.4552799",Ward 73
"-34.0391408,18.4642152",Ward 73
"-34.03824,18.4642",Ward 73
"-34.02048167,18.46760712",Ward 73
"-34.02069178,18.46756521",Ward 73
"-34.02111,18.47569",Ward 73
"-34.02643,18.4567",Ward 73
"-34.0223,18.4673",Ward 73
"-34.02426291,18.46776009",Ward 73
"-34.03840731,18.45509761",Ward 73
"-34.03713,18.45887",Ward 73
"-34.02209,18.47301",Ward 73
"-34.04255,18.463605",Ward 73
"-34.0227,18.466",Ward 73
"-34.0211224,18.4676577",Ward 73
"-34.02273,18.46759",Ward 73
"-34.0302099,18.46642",Ward 73
"-34.02942,18.4849",Ward 73
"-34.02255,18.46712",Ward 73
"-34.02535,18.48532",Ward 73
"-34.0302099,18.46642",Ward 73
"-34.0218934,18.4670879",Ward 73
"-34.0425415,18.4636593",Ward 73
"-34.03151,18.47466",Ward 73
"-34.01984,18.47475",Ward 73
"-34.02095,18.46798",Ward 73
"-34.04001229,18.45599779",Ward 73
"-34.03327,18.44649",Ward 73
"-34.03877161,18.45533967",Ward 73
"-34.0380899,18.46372",Ward 73
"-34.03773,18.46421",Ward 73
"-34.02095,18.46798",Ward 73
"-34.02274,18.46708",Ward 73
"-34.01984,18.47475",Ward 73
"-34.0298276,18.4661068",Ward 73
"-34.02615,18.46666",Ward 73
"-34.03161,18.46587",Ward 73
"-34.02167,18.4668199",Ward 73
"-34.03436,18.46327",Ward 73
"-34.02979613,18.4658173",Ward 73
"-34.02214,18.4671999",Ward 73
"-34.02255,18.46712",Ward 73
"-34.02918156,18.46594695",Ward 73
"-34.0381203,18.4552803",Ward 73
"-34.03202,18.4528399",Ward 73
"-34.03476176,18.46695663",Ward 73
"-34.01887143,18.4741823",Ward 73
"-34.03169636,18.45610857",Ward 73
"-34.02462327,18.45544282",Ward 73
"-34.03421,18.46315",Ward 73
"-34.03211,18.46547039",Ward 73
"-34.0297399,18.48596",Ward 73
"-34.03939586,18.45625877",Ward 73
"-34.03483568,18.45749594",Ward 73
"-34.03429,18.46261",Ward 73
"-34.03683,18.46437",Ward 73
"-34.02282988,18.476871",Ward 73
"-34.0244102,18.4697399",Ward 73
"-34.02817533,18.46930504",Ward 73
"-34.03582,18.47125",Ward 73
"-34.024,18.47105",Ward 73
"-34.025358,18.466881",Ward 73
"-34.0235336,18.453923",Ward 73
"-34.03596,18.44883",Ward 73
"-34.02268871,18.46712344",Ward 73
"-34.02914,18.48635",Ward 73
"-34.02358503,18.45907595",Ward 73
"-34.03906,18.4593",Ward 73
"-34.03429,18.46261",Ward 73
"-34.0322699,18.45498",Ward 73
"-34.0162582,18.4716091",Ward 73
"-34.03943,18.45099",Ward 73
"-34.0414699,18.4571599",Ward 73
"-34.02979,18.48577",Ward 73
"-34.033424,18.446794",Ward 73
"-34.02599,18.4674",Ward 73
"-34.02255,18.46712",Ward 73
"-34.03429,18.46261",Ward 73
"-34.02818,18.47925",Ward 73
"-34.02287129,18.46710026",Ward 73
"-34.03741,18.46178",Ward 73
"-34.03676201,18.46467467",Ward 73
"-34.02239,18.47159",Ward 73
"-34.02255,18.46712",Ward 73
"-34.03273832,18.46550803",Ward 73
"-34.02989,18.45054",Ward 73
"-34.0165596,18.4779301",Ward 73
"-34.0412483,18.4567604",Ward 73
"-34.02358503,18.45907595",Ward 73
"-34.02368,18.45661",Ward 73
"-34.03578,18.46488",Ward 73
"-34.02511655,18.46666574",Ward 73
"-34.01817,18.47943",Ward 73
"-34.02274,18.46708",Ward 73
"-34.03248,18.46573",Ward 73
"-34.03988,18.4642",Ward 73
"-34.0373201,18.464831",Ward 73
"-34.02956024,18.46584691",Ward 73
"-34.02926,18.45603",Ward 73
"-34.033329,18.4639397",Ward 73
"-34.02265,18.47477",Ward 73
"-34.03429,18.46261",Ward 73
"-34.02255,18.46712",Ward 73
"-34.027445,18.4814",Ward 73
"-34.02131256,18.46809924",Ward 73
"-34.02173,18.47814",Ward 73
"-34.03691,18.456",Ward 73
"-34.02119065,18.46810341",Ward 73
"-34.03491,18.46037",Ward 73
"-34.04255,18.463605",Ward 73
"-34.02742,18.4704",Ward 73
"-34.02415,18.47117",Ward 73
"-34.02255,18.46712",Ward 73
"-34.03727,18.45677",Ward 73
"-34.0245819,18.4508076",Ward 73
"-34.02606,18.46816045",Ward 73
"-34.01647,18.4725",Ward 73
"-34.02255,18.46712",Ward 73
"-34.03469,18.46613",Ward 73
"-34.02118714,18.46868408",Ward 73
"-34.02255,18.46712",Ward 73
"-34.0311018,18.46684027",Ward 73
"-34.02325,18.46701",Ward 73
"-34.03131,18.46446",Ward 73
"-34.0265225,18.4783473",Ward 73
"-34.03206,18.46613",Ward 73
"-34.0259895,18.4673996",Ward 73
"-34.02255,18.46712",Ward 73
"-34.024919,18.47210069",Ward 73
"-34.036,18.45714",Ward 73
"-34.0381936,18.46723448",Ward 73
"-34.0396004,18.4503994",Ward 73
"-34.03822,18.466",Ward 73
"-34.02255,18.46712",Ward 73
"-34.02255,18.46712",Ward 73
"-34.02519242,18.48430184",Ward 73
"-34.0223694,18.4668694",Ward 73
"-34.02194,18.46833",Ward 73
"-34.02293,18.47472",Ward 73
"-34.02255,18.46712",Ward 73
"-34.02255,18.46712",Ward 73
"-34.03467,18.46617",Ward 73
"-34.02818,18.47032",Ward 73
"-34.01991,18.45633",Ward 73